{"cameraMode":{"drawMode":0,"name":"Shaded","section":"Shading Mode"},"sceneLighting":false,"audioPlay":false,"sceneViewState":{"m_AlwaysRefresh":false,"showFog":true,"showSkybox":false,"showFlares":true,"showImageEffects":true,"showParticleSystems":true,"showVisualEffectGraphs":true,"m_FxEnabled":true},"in2DMode":false,"pivot":{"x":-0.3403850793838501,"y":2.0216426849365236,"z":3.6403656005859377},"rotation":{"x":0.029451513662934305,"y":-0.12557581067085267,"z":-0.003730578115209937,"w":-0.9916878342628479},"size":2.2658543586730959,"orthographic":false}