{"cameraMode":{"drawMode":0,"name":"Shaded","section":"Shading Mode"},"sceneLighting":false,"audioPlay":false,"sceneViewState":{"m_AlwaysRefresh":false,"showFog":true,"showSkybox":false,"showFlares":true,"showImageEffects":true,"showParticleSystems":true,"showVisualEffectGraphs":true,"m_FxEnabled":true},"in2DMode":false,"pivot":{"x":-0.9462928771972656,"y":1.2755935192108155,"z":-0.10275876522064209},"rotation":{"x":-0.021268876269459726,"y":0.0662970095872879,"z":-0.001331385225057602,"w":-0.9976390600204468},"size":0.40307772159576418,"orthographic":false}